code,alt,name,short,line,borough,complex,x,y
101,,242 St-Van Cortlandt Park,242,Broadway,Bronx,,620098,324240
103,,238 St,238,Broadway,Bronx,,619474,322638
104,,231 St,231,Broadway,Bronx,,618322,320370
106,,225 St-Marble Hill,225,Broadway,Bronx,,616906,318792
107,,215 St,215,Broadway,Manhattan,,615532,317082
108,,207 St,207,Broadway,Manhattan,,614494,315204
109,,Dyckman St,Dyckman,Broadway,Manhattan,,613006,314160
110,,191 St,191,Broadway,Manhattan,,611794,311982
111,,181 St,181,Broadway,Manhattan,,610480,309708
112,,168 St-Washington Hts,168,Broadway,Manhattan,168 Street,608820,306694
113,,157 St,157,Broadway,Manhattan,,607384,304050
114,,145 St,145,Broadway,Manhattan,,605848,301272
115,,137 St-City College,137,Broadway,Manhattan,,604834,299424
116,,125 St,125,Broadway,Manhattan,,603700,297354
117,,116 St-Columbia Univ.,116,Broadway,Manhattan,,602140,294528
118,,Cathedral Parkway ,110,Broadway,Manhattan,,601372,293154
119,,103 St,103,Broadway,Manhattan,,600868,291276
120,,96 St,96,7 Av,Manhattan,,599898,289500
121,,86 St,86,7 Av,Manhattan,,598666,287328
122,,79 St,79,7 Av,Manhattan,,597688,285732
123,,72 St,72,7 Av,Manhattan,,597160,283848
124,,66 St-Lincoln Center,66,7 Av,Manhattan,,597134,282038
125,,59 St-Columbus Circle,59,7 Av,Manhattan,Columbus Circle,597010,279879
126,,50 St,50,7 Av,Manhattan,,596620,277554
127,,42 St-Times Square,42,7 Av,Manhattan,Times Square,595813,275523
128,,34 St-Penn Station,34,7 Av,Manhattan,,594673,273567
129,,28 St,28,7 Av,Manhattan,,594052,272460
130,,23 St,23,7 Av,Manhattan,,593404,271278
131,,18 St,18,7 Av,Manhattan,,592792,270180
132,,14 St,14,7 Av,Manhattan,14 St/6-7 Avs,592219,269145
133,,Christopher St-Sheridan Sq,Christopher,7 Av,Manhattan,,591526,267582
134,,Houston St,Houston,7 Av,Manhattan,,590836,265740
135,,Canal St,Canal,7 Av,Manhattan,,590566,263562
136,,Franklin St,Franklin,7 Av,Manhattan,,590386,262284
137,,Chambers St,Chambers,7 Av,Manhattan,,589744,260982
138,,Cortlandt St,Cortlandt,7 Av,Manhattan,,589448,259188
139,,Rector St,Rector,7 Av,Manhattan,,588556,258210
140,,South Ferry,SouthFerry,7 Av,Manhattan,,588712,255642
201,,241 St-Wakefield,241,WPR,Bronx,,633388,329346
204,,Nereid Av (238 St),Nereid,WPR,Bronx,,632308,327552
205,,233 St,233,WPR,Bronx,,631450,325722
206,,225 St,225,WPR,Bronx,,630616,323682
207,,219 St,219,WPR,Bronx,,630004,322098
208,,Gun Hill Road,GunHill,WPR,Bronx,,629026,319884
209,,Burke Av,Burke,WPR,Bronx,,628828,317712
210,,Allerton Av,Allerton,WPR,Bronx,,628822,315582
211,,Pelham Parkway,PelhamPkwy,WPR,Bronx,,628720,312396
212,,Bronx Park East,BronxParkE,WPR,Bronx,,628552,310344
213,,East 180th St,East180,WPR,Bronx,,627292,306570
214,,East Tremont Av-West Farms Sq,ETremont,WPR,Bronx,,625330,306495
215,,174 St,174,WPR,Bronx,,623170,305316
216,,Freeman St,Freeman,WPR,Bronx,,622030,302718
217,,Simpson St,Simpson,WPR,Bronx,,621766,300546
218,,Intervale Av,Intervale,WPR,Bronx,,620632,299760
219,,Prospect Av,Prospect,WPR,Bronx,,619330,298836
220,,Jackson Av,Jackson,WPR,Bronx,,617584,297660
221,,3 Av-149 St,3,WPR,Bronx,,614920,297522
222,,149 St-Grand Concourse,149,WPR,Bronx,149 St/Gr Conc,612268,298428
224,,135 St,135,Lenox,Manhattan,,608512,296772
225,,125 St,125,Lenox,Manhattan,,607252,294486
226,,116 St,116,Lenox,Manhattan,,606076,292380
227,,Central Park North-110 St,110,Lenox,Manhattan,,605446,291222
228,,Park Place,ParkPl,Clark St,Manhattan,Chambers/Park Pl/WTC,590200,259860
229,,Fulton St,Fulton,Clark St,Manhattan,Fulton St/Bway-Nassau,590536,258786
230,,Wall St,Wall,Clark St,Manhattan,,589730,257674
231,,Clark St-Brooklyn Hts,Clark,Clark St,Brooklyn,,594334,254136
232,,Borough Hall,BoroHall,Clark St,Brooklyn,Borough Hall/Court St,595084,252780
233,,Hoyt St-Fulton Mall,Hoyt,Clark St,Brooklyn,,596554,251622
234,,Nevins St,Nevins,E Parkway,Brooklyn,,597706,250968
235,,Atlantic Av,Atlantic,E Parkway,Brooklyn,Atlantic/Pacific,598696,249240
236,,Bergen St,Bergen,E Parkway,Brooklyn,,599320,248100
237,,Grand Army Plaza,GrArmyPlz,E Parkway,Brooklyn,,601030,245088
238,,E. Parkway-Brooklyn Museum,EParkway,E Parkway,Brooklyn,,602812,244734
239,,Franklin Av,Franklin,E Parkway,Brooklyn,Franklin/Botanic Garden,604126,244380
241,,President St,President,Nostrand,Brooklyn,,606130,243468
242,,Sterling St,Sterling,Nostrand,Brooklyn,,606130,241644
243,,Winthrop St,Winthrop,Nostrand,Brooklyn,,606310,239442
244,,Church Av,Church,Nostrand,Brooklyn,,606496,237162
245,,Beverley Road,Beverley,Nostrand,Brooklyn,,606664,235104
246,,Newkirk Av,Newkirk,Nostrand,Brooklyn,,606826,233202
247,,Flatbush Av-Bklyn College,Flatbush,Nostrand,Brooklyn,,607018,230634
248,,Nostrand Av,Nostrand,E Parkway,Brooklyn,,606208,244086
249,,Kingston Av,Kingston,E Parkway,Brooklyn,,608518,243912
250,,Utica Av,Utica,E Parkway,Brooklyn,,611206,243741
251,,Sutter Av-Rutland Road,Sutter,Livonia,Brooklyn,,613864,242322
252,,Saratoga Av,Saratoga,Livonia,Brooklyn,,615796,241056
253,,Rockaway Av,Rockaway,Livonia,Brooklyn,,617650,241392
254,,Junius St,Junius,Livonia,Brooklyn,,619210,241692
255,,Pennsylvania Av,Pennsylvania,Livonia,Brooklyn,,621760,242214
256,,Van Siclen Av,VanSiclen,Livonia,Brooklyn,,623302,242520
257,,New Lots Av,NewLots,Livonia,Brooklyn,,625000,242880
301,,148 St-Lenox Terminal,148,Lenox Term,Manhattan,,610048,299568
302,,145 St,145,Lenox,Manhattan,,609778,299088
401,,Woodlawn,Woodlawn,Jerome,Bronx,,625828,323496
402,,Mosholu Parkway,Mosholu,Jerome,Bronx,,623968,320712
405,,Bedford Park Boulevard,BedfordPk,Jerome,Bronx,,622654,318366
406,,Kingsbridge Road,Kingsbr,Jerome,Bronx,,620500,316332
407,,Fordham Road,Fordham,Jerome,Bronx,,619480,314598
408,,183 St,183,Jerome,Bronx,,618760,313110
409,,Burnside Av,Burnside,Jerome,Bronx,,617746,311340
410,,176 St,176,Jerome,Bronx,,616546,309486
411,,Mount Eden Av,MountEden,Jerome,Bronx,,615658,307806
412,,170 St,170,Jerome,Bronx,,614902,306330
413,,167 St,167,Jerome,Bronx,,613906,304686
414,,161 St-Yankee Stadium,161,Jerome,Bronx,161 St-Yankee Stadium,612628,301824
415,,149 St-Grand Concourse,149,Jerome,Bronx,149 St/Gr Conc,612268,298428
416,,138 St-Grand Concourse,138,Lexington,Bronx,,611458,296502
418,,Fulton St,Fulton,Lexington,Manhattan,Fulton St/Bway-Nassau,589932,259178
419,,Wall St,Wall,Lexington,Manhattan,,589130,258043
420,,Bowling Green,BowlingGr,Lexington,Manhattan,,588400,256992
423,,Borough Hall,BoroHall,Lexington,Brooklyn,Borough Hall/Court St,594910,252330
501,,Dyre Av-Eastchester,Dyre,Dyre,Bronx,,638710,323700
502,,Baychester Av,Baychester,Dyre,Bronx,,637018,320562
503,,Gun Hill Road,GunHill,Dyre,Bronx,,634660,317370
504,,Pelham Parkway,PelhamPkwy,Dyre,Bronx,,631906,312492
505,,Morris Park,MorrisPark,Dyre,Bronx,,630808,311682
601,,Pelham Bay Park,PelhamBay,Pelham,Bronx,,639946,311058
602,,Buhre Av,Buhre,Pelham,Bronx,,638728,309186
603,,Middletown Road,Middletown,Pelham,Bronx,,637282,307452
604,,Westchester Sq-E Tremont Av,Westchester,Pelham,Bronx,,635842,306474
606,,Zerega Av,Zerega,Pelham,Bronx,,634570,305094
607,,Castle Hill Av,CastleHill,Pelham,Bronx,,633184,304134
608,,Parkchester (East 177 St),Parkchester,Pelham,Bronx,,630382,303642
609,,St. Lawrence Av,StLawrence,Pelham,Bronx,,628852,303216
610,,Morrison-Soundview Avs,Morrison,Pelham,Bronx,,626824,302424
611,,Elder Av,Elder,Pelham,Bronx,,625546,302118
612,,Whitlock Av,Whitlock,Pelham,Bronx,,623698,301806
613,,Hunts Point Av,HuntsPoint,Pelham,Bronx,,622102,299316
614,,Longwood Av,Longwood,Pelham,Bronx,,620842,297630
615,,East 149 St,East149,Pelham,Bronx,,618658,296100
616,,East 143 St-St Mary's St,East143,Pelham,Bronx,,617626,294654
617,,Cypress Av,Cypress,Pelham,Bronx,,615796,293694
618,,Brook Av,Brook,Pelham,Bronx,,614470,294438
619,,138 St-3 Av,138,Pelham,Bronx,,612880,295338
621,,125 St,125,Lexington,Manhattan,,609490,293256
622,,116 St,116,Lexington,Manhattan,,608338,291150
623,,110 St,110,Lexington,Manhattan,,607588,289752
624,,103 St,103,Lexington,Manhattan,,606664,288108
625,,96 St,96,Lexington,Manhattan,,605764,286488
626,,86 St,86,Lexington,Manhattan,,604486,284160
627,,77 St,77,Lexington,Manhattan,,603280,282054
628,,68 St,68,Lexington,Manhattan,,602110,279954
629,,59 St,59,Lexington,Manhattan,Lex Av-59 St,601000,277960
630,,51 St,51,Lexington,Manhattan,Lex Av-51 St,599956,276060
631,,42 St-Grand Central,42,Lexington,Manhattan,Grand Central,598489,274168
632,,33 St,33,Lexington,Manhattan,,597166,272061
633,,28 St,28,Lexington,Manhattan,,596560,270978
634,,23 St,23,Lexington,Manhattan,,595903,269775
635,,14 St-Union Square,14,Lexington,Manhattan,Union Sq,595054,267876
636,,Astor Place-Cooper Union,Astor,Lexington,Manhattan,,594730,266238
637,,Bleecker St,Bleecker,Lexington,Manhattan,Bway-Lafayette/Bleecker,593764,264792
638,,Spring St,Spring,Lexington,Manhattan,,593098,263460
639,,Canal St,Canal,Lexington,Manhattan,Canal St,592168,262038
640,,Brooklyn Bridge-City Hall,BklynBr,Lexington,Manhattan,Chambers/Bklyn Bridge,591250,260187
701,,Main St-Flushing,Main,Flushing,Queens,,639460,276822
702,,Willets Point Bl-Shea Stadium,Willets,Flushing,Queens,,635806,275280
705,,111 St,111,Flushing,Queens,,632314,273894
706,,103 St-Corona Plaza,103,Flushing,Queens,,630460,273306
707,,Junction Boulevard,Junction,Flushing,Queens,,628546,273048
708,,90 St-Elmhurst,90,Flushing,Queens,,626746,272826
709,,82 St-Jackson Hts,82,Flushing,Queens,,624562,272424
710,,74 St-Broadway,74,Flushing,Queens,Roosevelt Av/74 St,622456,272166
711,,69 St (Fisk Av),69,Flushing,Queens,,621094,271980
712,,61 St-Woodside,61,Flushing,Queens,,619102,271686
713,,52 St (Lincoln Av),52,Flushing,Queens,,616606,271176
714,,46 St (Bliss St),46,Flushing,Queens,,615004,270750
715,,40 St (Lowery St),40,Flushing,Queens,,613360,271092
716,,33 St (Rawson St),33,Flushing,Queens,,611278,271344
718,R09,Queensboro Plaza,QBPlaza,Flusg/Astoria,Queens,,609226,274074
719,,45 Road-Courthouse Square,45,Flushing,Queens,,607618,271848
720,,Hunter's Point Av,HuntersPt,Flushing,Queens,,606400,270540
721,,Vernon-Jackson Avs,Vernon,Flushing,Queens,,605018,270344
723,,42 St-Grand Central,GrCentral,Flushing,Manhattan,Grand Central,598499,274163
724,,5 Av,5,Flushing,Manhattan,42 St/5-6 Avs,597490,274716
725,,42 St-Times Square,TimesSq,Flushing,Manhattan,Times Square,595813,275523
901,,Grand Central Station,GrCentral,42 St Shuttle,Manhattan,Grand Central,598576,274122
902,,Times Square,Times,42 St Shuttle,Manhattan,Times Square,595813,275523
A02,,207 St-Inwood,207,Wash Hts,Manhattan,,613948,316398
A03,,Dyckman St,Dyckman,Wash Hts,Manhattan,,612268,315588
A05,,190 St-Overlook Terrace,190,Wash Hts,Manhattan,,610216,312474
A06,,181 St,181,Wash Hts,Manhattan,,609232,310242
A07,,175 St-GWB Bus Term,175,Wash Hts,Manhattan,,608809,308892
A09,,168 St-Washington Hts,168,Wash Hts,Manhattan,168 Street,608820,306694
A10,,163 St-Amsterdam Av,163,Wash Hts,Manhattan,,608758,304686
A11,,155 St,155,Wash Hts,Manhattan,,608338,302916
A14,,135 St,135,CPW,Manhattan,,606566,298076
A15,,125 St,125,CPW,Manhattan,,605434,295788
A16,,116 St,116,CPW,Manhattan,,604498,293244
A17,,Cathedral Parkway,110,CPW,Manhattan,,603676,291756
A18,,103 St,103,CPW,Manhattan,,602830,290214
A19,,96 St,96,CPW,Manhattan,,602002,288705
A20,,86 St,86,CPW,Manhattan,,600772,286491
A21,,81 St-Museum Nat'l History,81,CPW,Manhattan,,599980,285084
A22,,72 St,72,CPW,Manhattan,,598828,282960
A24,,59 St-Columbus Circle,59,CPW,Manhattan,Columbus Circle,597010,279879
A25,,50 St,50,8 Av,Manhattan,,596032,277878
A27,,42 St-PA Bus Term.,42,8 Av,Manhattan,Times Square,595030,276039
A28,,34 St-Penn Station,34,8 Av,Manhattan,,594004,274191
A30,,23 St,23,8 Av,Manhattan,,592712,271870
A31,,14 St,14,8 Av,Manhattan,14 St/8 Av,591538,269760
A33,,Spring St,Spring,8 Av,Manhattan,,591202,264612
A34,,Canal St-Holland Tunnel,Canal,8 Av,Manhattan,,590806,262719
A36,,Chambers St,Chambers,8 Av,Manhattan,Chambers/Park Pl/WTC,589942,260436
A38,,Broadway-Nassau St,BwayNassau,Cranberry,Manhattan,Fulton St/Bway-Nassau,590170,259023
A40,,High St-Brooklyn Bridge,High,Cranberry,Brooklyn,,595243,255285
A41,,Jay St-Borough Hall,Jay,Crnbry/Rtgr,Brooklyn,,595957,252528
A42,,Hoyt-Schermerhorn Sts,Hoyt,Fltn/Crstn,Brooklyn,,596260,251058
A43,,Lafayette Av,Lafayette,Fulton St,Brooklyn,,599020,250362
A44,,Clinton-Washington Avs,ClintonWash,Fulton St,Brooklyn,,601879,249039
A45,,Franklin Av,Franklin,Fulton St,Brooklyn,Franklin/Fulton,604738,248220
A46,,Nostrand Av,Nostrand,Fulton St,Brooklyn,,606436,247920
A47,,Kingston-Throop Avs,Kingston,Fulton St,Brooklyn,,608905,247740
A48,,Utica Av,Utica,Fulton,Brooklyn,,611824,247554
A49,,Ralph Av,Ralph,Fulton St,Brooklyn,,614200,247380
A50,,Rockaway Av,Rockaway,Fulton St,Brooklyn,,617011,247779
A51,,Broadway Junction-E New York,BwayJcn,Fulton St,Brooklyn,Broadway Junction,620086,246678
A52,,Liberty Av,Liberty,Fulton St,Brooklyn,,621070,245748
A53,,Van Siclen Av,VanSiclen,Fulton,Brooklyn,,622792,245112
A54,,Shepherd Av,Shepherd,Fulton St,Brooklyn,,625420,245640
A55,,Euclid Av,Euclid,Fulton St,Brooklyn,,627898,246102
A57,,Grant Av,Grant,Fulton St,Brooklyn,,629686,246426
A59,,80-Hudson St,80,Fulton St,Queens,,631501,247533
A60,,88 St (Boyd Av),88,Fulton St,Queens,,633772,247698
A61,,Rockaway Boulevard,RockBlvd,Fulton St,Queens,,635680,247914
A63,,104 St (Oxford Av),104,Lefferts,Queens,,637546,248508
A64,,111 St (Greenwood Av),111,Lefferts,Queens,,638917,249312
A65,,Lefferts Boulevard,Lefferts,Lefferts,Queens,,641086,250044
AQR,,Aqueduct Racetrack,AqueductRace,Rockaway,Queens,,638232,243626
B04,,21 St-Queensbridge,21,63 St,Queens,,608284,274692
B06,,Roosevelt Island,RoosvltIs,63 St,Manhattan,,606928,278634
B08,,Lexington Av,Lex,63 St,Manhattan,,601468,278808
B10,,57 St,57,6 Av,Manhattan,,598492,278622
B12,,9 Av,9,West End,Brooklyn,,593806,235374
B13,,Fort Hamilton Parkway,FtHamilton,West End,Brooklyn,,593890,233316
B14,,50 St,50,West End,Brooklyn,,593920,231606
B15,,55 St,55,West End,Brooklyn,,593710,230124
B16,,62 St,62,West End,Brooklyn,62 St/New Utrecht,593272,228072
B17,,71 St,71,West End,Brooklyn,,592702,225522
B18,,79 St,79,West End,Brooklyn,,592264,223194
B19,,18 Av,18,West End,Brooklyn,,591706,221298
B20,,20 Av,20,West End,Brooklyn,,592924,220338
B21,,Bay Parkway,BayPkwy,West End,Brooklyn,,594166,219366
B22,,25 Av,25,West End,Brooklyn,,596014,217932
B23,,Bay 50 St,Bay50,West End,Brooklyn,,597040,214500
D01,,205 St-Norwood,205,Concourse,Bronx,,625705,318603
D03,,Bedford Park Boulevard,BedfordPk,Concourse,Bronx,,623227,318261
D04,,Kingsbridge Road,Kingsbr,Concourse,Bronx,,621574,316143
D05,,Fordham Road,Fordham,Concourse,Bronx,,620608,314526
D06,,182-183 Sts,182-183,Concourse,Bronx,,619582,312192
D07,,Tremont Av,Tremont,Concourse,Bronx,,618325,310065
D08,,174-175 Sts,174-175,Concourse,Bronx,,617074,308274
D09,,170 St,170,Concourse,Bronx,,615691,305370
D10,,167 St,167,Concourse,Bronx,,614728,304008
D11,,161 St-Yankee Stadium,161,Concourse,Bronx,161 St-Yankee Stadium,612802,301754
D12,,155 St,155,Concourse,Manhattan,,609478,302280
D13,A12,145 St,145,CPW,Manhattan,,607540,300648
D14,,7 Av,7,53 St,Manhattan,,597067,278196
D15,,47-50 Sts (Rock Ctr),47-50,6 Av,Manhattan,,597358,276574
D16,,42 St,42,6 Av,Manhattan,42 St/5-6 Avs,596466,274962
D17,,34 St-Herald Square,34,6 Av,Manhattan,Herald Sq,595548,273298
D18,,23 St,23,6 Av,Manhattan,,594190,270864
D19,,14 St,14,6 Av,Manhattan,14 St/6-7 Avs,593251,269157
D20,A32,West 4 St-Washington Sq,W4,6/8 Av,Manhattan,,592272,267036
D21,,Broadway-Lafayette St,BwayLaf,Houston,Manhattan,Bway-Lafayette/Bleecker,593206,264612
D22,,Grand St,Grand,Chrystie St,Manhattan,,594004,261936
D24,,Atlantic Av,Atlantic,Brighton,Brooklyn,Atlantic/Pacific,598696,249240
D25,,7 Av,7,Brighton,Brooklyn,,599992,246936
D26,,Prospect Park,ProspectPk,Brighton,Brooklyn,,602863,241167
D27,,Parkside Av,Parkside,Brighton,Brooklyn,,603070,238638
D28,,Church Av,Church,Brighton,Brooklyn,,602755,237054
D29,,Beverley Road,Beverley,Brighton,Brooklyn,,602446,234810
D30,,Cortelyou Road,Cortelyou,Brighton,Brooklyn,,602596,233796
D31,,Newkirk Av,Newkirk,Brighton,Brooklyn,,602890,231774
D32,,Av H,AvH,Brighton,Brooklyn,,603202,229626
D33,,Av J,AvJ,Brighton,Brooklyn,,603388,227892
D34,,Av M,AvM,Brighton,Brooklyn,,603814,225270
D35,,Kings Highway,KingsHwy,Brighton,Brooklyn,,604310,221912
D37,,Av U,AvU,Brighton,Brooklyn,,604828,218340
D38,,Neck Road,Neck,Brighton,Brooklyn,,605038,216936
D39,,Sheepshead Bay,Sheepshead,Brighton,Brooklyn,,605191,214140
D40,,Brighton Beach,Brighton,Brighton,Brooklyn,,603391,210552
D41,,Ocean Parkway,OceanPkwy,Brighton,Brooklyn,,601156,210027
D42,,West 8 St-NY Aquarium,West,CI Terminal,Brooklyn,,599098,209646
D43,,Stillwell Av-Coney Isl.,Stillwell,CI Terminal,Brooklyn,,597769,209976
E01,,World Trade Center,WTC,8 Av-WTC,Manhattan,Chambers/Park Pl/WTC,589414,259500
F01,,179 St-Jamaica,179,Hillside,Queens,,652423,259755
F02,,169 St,169,Hillside,Queens,,649600,258915
F03,,Parsons Boulevard,Parsons,Hillside,Queens,,646843,257853
F04,,Suthpin Boulevard,Suthpin,Hillside,Queens,,644836,257085
F05,,Van Wyck Boulevard,VanWyck,Queens,Queens,,642574,258462
F06,,Union Tpke-Kew Gdns,Union,Queens,Queens,,639079,260424
F07,,75 Av (Puritan Av),75,Queens,Queens,,637384,261876
F09,,23 St-Ely Av,23Ely,Queens,Queens,23 St/Court Sq,606928,272544
F11,,Lexington Av,Lexington,53 St,Manhattan,Lex Av-51 St,600500,276354
F12,,5 Av,5,53 St,Manhattan,,599083,277101
F14,,2 Av,2,Houston,Manhattan,,595045,263805
F15,,Delancey St,Delancey,Houston,Manhattan,Essex/Delancey,595516,262122
F16,,East Broadway,EastBway,Houston,Manhattan,,595117,260214
F18,,York St,York,Houston,Brooklyn,,596056,255606
F20,,Bergen St,Bergen,Prospect Pk,Brooklyn,,594988,250072
F21,,Carroll St,Carroll,Prospect Pk,Brooklyn,,593809,247809
F22,,Smith-9 Sts,Smith9,Prospect Pk,Brooklyn,,593044,245880
F23,,4 Av,4,Prospect Pk,Brooklyn,9 St/4 Av,595594,244272
F24,,7 Av-Park Slope,7,Prospect Pk,Brooklyn,,597562,243048
F25,,15 St-Prospect Park,15,Prospect Pk,Brooklyn,,597841,240567
F26,,Fort Hamilton Parkway,FortHamilton,Prospect Pk,Brooklyn,,599236,237048
F27,,Church Av,Church,Prospect Pk,Brooklyn,,598117,234654
F29,,Ditmas Av,Ditmas,Culver,Brooklyn,,598474,232023
F30,,18 Av,18,Culver,Brooklyn,,598834,229548
F31,,Av I,AvI,Culver,Brooklyn,,599056,228102
F32,,Bay Parkway,BayPkwy,Culver,Brooklyn,,599332,226278
F33,,Av N,AvN,Culver,Brooklyn,,599680,223770
F34,,Av P,AvP,Culver,Brooklyn,,599950,221874
F35,,Kings Highway,KingsHwy,Culver,Brooklyn,,600145,219780
F36,,Av U,AvU,Culver,Brooklyn,,599914,217632
F38,,Av X,AvX,Culver,Brooklyn,,599686,214998
F39,,Neptune Av,Neptune,Culver,Brooklyn,,599584,211398
G05,,Jamaica Center,JamaicaCtr,Archer Av,Queens,,647956,256074
G06,,Sutphin Boulevard,Sutphin,Archer Av,Queens,,645658,255336
G07,,Jamaica-Van Wyck,JamaicaVW,Archer Av,Queens,,643162,256026
G08,,71-Continental Avs,71,Queens,Queens,,635568,262908
G09,,67 Av,67,Queens,Queens,,633052,264876
G10,,63 Drive-Rego Park,63,Queens,Queens,,630739,266004
G11,,Woodhaven Bl-Queens Mall,Woodhaven,Queens,Queens,,628282,267294
G12,,Grand Av-Newtown,Grand,Queens,Queens,,626338,268452
G13,,Elmhurst Av,Elmhurst,Queens,Queens,,625396,270312
G14,,Roosevelt Av-Jackson Heights,Roosevelt,Queens,Queens,Roosevelt Av/74 St,622330,272202
G15,,65 St,65,Queens,Queens,,620734,273036
G16,,Northern Boulevard,Northern,Queens,Queens,,618184,274494
G18,,46 St,46,Queens,Queens,,616310,275692
G19,,Steinway St,Steinway,Queens,Queens,,614860,276600
G20,,36 St,36,Queens,Queens,,612328,274080
G21,,Queens Plaza,QueensPlz,Queens,Queens,,609865,273018
G22,,Court Square,CourtSq,Crosstown,Queens,23 St/Court Sq,607894,272034
G24,,21 St-Van Alst,21,Crosstown,Queens,,606598,271302
G26,,Greenpoint Av,Greenpoint,Crosstown,Brooklyn,,605020,266352
G28,,Nassau Av,Nassau,Crosstown,Brooklyn,,606034,263766
G29,,Metropolitan Av,Metropolitan,Crosstown,Brooklyn,Lorimer/Metropolitan,606448,260250
G30,,Broadway,Broadway,Crosstown,Brooklyn,,606172,257118
G31,,Flushing Av,Flushing,Crosstown,Brooklyn,,606286,255006
G32,,Myrtle-Willoughby Avs,MyrtleWill,Crosstown,Brooklyn,,606532,253404
G33,,Bedford-Nostrand Avs,BedfordNost,Crosstown,Brooklyn,,605389,251331
G34,,Classon Av,Classon,Crosstown,Brooklyn,,603496,251046
G35,,Clinton-Washington Avs,ClintonWash,Crosstown,Brooklyn,,601876,250776
G36,,Fulton St,Fulton,Crosstown,Brooklyn,,599020,250362
H02,,Aqueduct-North Conduit Av,Aqueduct,Rockaway,Queens,,638308,243084
H03,,Howard Beach-JFK Airport,HowardBch,Rockaway,Queens,,639448,240678
H04,,Broad Channel,BroadCh,Rockaway,Queens,,643540,221598
H06,,Beach 67 St-Gaston Av,B67,Rockaway,Queens,,649132,215304
H07,,Beach 60 St-Straiton Av,B60,Rockaway,Queens,,650800,215898
H08,,Beach 44 St-Frank Av,B44,Rockaway,Queens,,654796,216522
H09,,Beach 36 St-Edgemere,B36,Rockaway,Queens,,656596,217182
H10,,Beach 25 St-Wavecrest,B25,Rockaway,Queens,,658510,218790
H11,,Far Rockaway-Mott Av,FarRock,Rockaway,Queens,,660724,220548
H12,,Beach 90 St-Holland,B90,Rockaway,Queens,,644080,214092
H13,,Beach 98 St-Playland,B98,Rockaway,Queens,,642526,213180
H14,,Beach 105 St-Seaside,B105,Rockaway,Queens,,640666,212628
H15,,Rockaway Park-B 116 St,RockPark,Rockaway,Queens,,637306,212112
J12,,121 St,121,Jamaica,Queens,,639640,255216
J13,,111 St,111,Jamaica,Queens,,637426,253938
J14,,102-104 St,102-104,Jamaica,Queens,,635236,253278
J15,,Woodhaven Boulevard,Woodhaven,Jamaica,Queens,,633571,252873
J16,,Forest Parkway,ForestPkwy,Jamaica,Queens,,631408,252360
J17,,Elderts Lane,Elderts,Jamaica,Queens,,629356,251922
J19,,Cypress Hills,CypressHills,Jamaica,Brooklyn,,627274,251196
J20,,Crescent St,Crescent,Jamaica,Brooklyn,,627796,249090
J21,,Norwood Av,Norwood,Jamaica,Brooklyn,,625882,248382
J22,,Cleveland St,Cleveland,Jamaica,Brooklyn,,624106,247662
J23,,Van Siclen Av,VanSiclen,Jamaica,Brooklyn,,622402,247038
J24,,Alabama Av,Alabama,Jamaica,Brooklyn,,620332,246696
J27,,Broadway Junction,BwayJcn,Broadway,Brooklyn,Broadway Junction,619162,246732
J28,,Chauncey St,Chauncey,Broadway,Brooklyn,,616876,248688
J29,,Halsey St,Halsey,Broadway,Brooklyn,,615928,249912
J30,,Gates Av,Gates,Broadway,Brooklyn,,613804,251490
J31,,Kosciusko St,Kosciusko,Broadway,Brooklyn,,612556,252426
L01,,8 Av,8,14 St,Manhattan,14 St/8 Av,591538,269760
L02,,6 Av,6,14 St,Manhattan,14 St/6-7 Avs,593128,268950
L03,,Union Square,Union,14 St,Manhattan,Union Sq,594643,268312
L05,,3 Av,3,14 St,Manhattan,,595774,267438
L06,,1 Av,1,14 St,Manhattan,,597058,266712
L08,,Bedford Av,Bedford,14 St,Brooklyn,,604114,261594
L10,,Lorimer St,Lorimer,14 St,Brooklyn,Lorimer/Metropolitan,606448,260250
L11,,Graham Av,Graham,14 St,Brooklyn,,607828,260424
L12,,Grand St,Grand,14 St,Brooklyn,,608866,259458
L13,,Montrose Av,Montrose,14 St,Brooklyn,,609106,257886
L14,,Morgan Av,Morgan,14 St,Brooklyn,,611332,257412
L15,,Jefferson St,Jefferson,14 St,Brooklyn,,614068,257352
L16,,DeKalb Av,DeKalb,14 St,Brooklyn,,614818,256662
L17,,Myrtle Av,Myrtle,14 St,Brooklyn,Myrtle/Wyckoff,616966,254847
L19,,Halsey St,Halsey,14 St,Brooklyn,,619180,253290
L20,,Wilson Av,Wilson,14 St,Brooklyn,,618772,251112
L21,,Bushwick Av-Aberdeen St,Bushwick,14 St,Brooklyn,,618610,248730
L22,,Broadway Junction,BwayJcn,14 St,Brooklyn,Broadway Junction,619162,246732
L24,,Atlantic Av,Atlantic,Canarsie,Brooklyn,,619138,246264
L25,,Sutter Av,Sutter,Canarsie,Brooklyn,,619648,243558
L26,,Livonia Av,Livonia,Canarsie,Brooklyn,,620014,241872
L27,,New Lots Av,NewLots,Canarsie,Brooklyn,,620350,240174
L28,,East 105 St,East105,Canarsie,Brooklyn,,620698,237084
L29,,Rockaway Parkway,RockPkwy,Canarsie,Brooklyn,,619480,235176
M01,,Metropolitan Av-Middle Vlg,Metropolitan,Myrtle,Queens,,623914,259524
M04,,Fresh Pond Road,FreshPond,Myrtle,Queens,,621112,256974
M05,,Forest Av,Forest,Myrtle,Queens,,619486,256734
M06,,Seneca Av,Seneca,Myrtle,Queens,,618070,256092
M08,,Wyckoff Av,Wyckoff,Myrtle,Brooklyn,Myrtle/Wyckoff,617116,254874
M09,,Knickerbocker Av,Knickerbocker,Myrtle,Brooklyn,,615172,254640
M10,,Central Av,Central,Myrtle,Brooklyn,,613240,254430
M11,,Myrtle Av-Broadway,Myrtle,Broadway,Brooklyn,,610384,254010
M12,,Flushing Av,Flushing,Broadway,Brooklyn,,608536,255366
M13,,Lorimer St,Lorimer,Broadway,Brooklyn,,606904,256590
M14,,Hewes St,Hewes,Broadway,Brooklyn,,605446,257544
M16,,Marcy Av,Marcy,Broadway,Brooklyn,,604048,258216
M18,,Essex St,Essex,Nassau St,Manhattan,Essex/Delancey,595516,262122
M19,,Bowery,Bowery,Nassau St,Manhattan,,593914,262740
M20,,Canal St,Canal,Nassau St,Manhattan,Canal St,592324,261888
M21,,Chambers St,Chambers,Nassau St,Manhattan,Chambers/Bklyn Bridge,590467,260541
M22,,Fulton St,Fulton,Nassau St,Manhattan,Fulton St/Bway-Nassau,590124,258930
M23,,Broad St,Broad,Nassau St,Manhattan,,589268,257702
N02,,8 Av,8,Sea Beach,Brooklyn,,589462,231150
N03,,Fort Hamilton Parkway,FortHamilton,Sea Beach,Brooklyn,,590884,229998
N04,,New Utrecht Av,NewUtrecht,Sea Beach,Brooklyn,62 St/New Utrecht,593485,227907
N05,,18 Av,18,Sea Beach,Brooklyn,,595660,226224
N06,,20 Av,20,Sea Beach,Brooklyn,,596878,225270
N07,,Bay Parkway,BayPkwy,Sea Beach,Brooklyn,,596989,222897
N08,,Kings Highway,KingsHwy,Sea Beach,Brooklyn,,597946,220542
N09,,Av U,AvU,Sea Beach,Brooklyn,,598444,217374
N10,,86 St,86,Sea Beach,Brooklyn,,597862,216480
Q01,,Canal St-Broadway,Canal,Broadway,Manhattan,Canal St,591988,262212
R01,,Ditmars Blvd-Astoria,Ditmars,Astoria,Queens,,617098,282870
R03,,Astoria Blvd-Hoyt Av,Astoria,Astoria,Queens,,615106,280608
R04,,30-Grand Av,30,Astoria,Queens,,614074,279474
R05,,Broadway,Broadway,Astoria,Queens,,612994,277650
R06,,36-Washington Av,36,Astoria,Queens,,611776,275718
R08,,39-Beebe Av,39,Astoria,Queens,,610888,274260
R11,,Lexington Av,Lex,60 St,Manhattan,Lex Av-59 St,601204,277982
R13,,5 Av,5,60 St,Manhattan,,599695,278736
R14,,57 St,57,Broadway,Manhattan,,597592,278817
R15,,49 St,49,Broadway,Manhattan,,596575,276987
R16,,42 St-Times Square,42,Broadway,Manhattan,Times Square,595846,274998
R17,,34 St-Herald Square,34,Broadway,Manhattan,Herald Sq,595330,272910
R18,,28 St,28,Broadway,Manhattan,,595324,271758
R19,,23 St,23,Broadway,Manhattan,,595096,270378
R20,,14 St-Union Square,14,Broadway,Manhattan,Union Sq,595054,267876
R21,,8 St-NYU,8,Broadway,Manhattan,,594382,266496
R22,,Prince St,Prince,Broadway,Manhattan,,592924,264162
R23,,Canal St,Canal,Broadway,Manhattan,Canal St,591988,262212
R24,,City Hall,CityHall,Broadway,Manhattan,,590320,260058
R25,,Cortlandt St-WTC,Cortlandt,Broadway,Manhattan,,589267,259194
R26,,Rector St,Rector,Broadway,Manhattan,,588730,258132
R27,,Whitehall St-South Ferry,Whitehall,Broadway,Manhattan,,588661,256446
R28,,Court St,Court,Montague,Brooklyn,Borough Hall/Court St,594514,252978
R29,,Lawrence St-MetroTech,Lawrence,Montague,Brooklyn,,596230,252198
R30,,DeKalb Av,DeKalb,4 Av,Brooklyn,,597514,251442
R31,,Pacific St,Pacific,4 Av,Brooklyn,Atlantic/Pacific,598288,249126
R32,,Union St,Union,4 Av,Brooklyn,,597142,246834
R33,,9 St,9,4 Av,Brooklyn,9 St/4 Av,595594,244272
R34,,Prospect Av,Prospect,4 Av,Brooklyn,,594466,242478
R35,,25 St,25,4 Av,Brooklyn,,592972,240630
R36,,36 St,36,4 Av,Brooklyn,,591202,238422
R39,,45 St,45,4 Av,Brooklyn,,589744,236574
R40,,53 St,53,4 Av,Brooklyn,,588466,234990
R41,,59 St,59,4 Av,Brooklyn,,587467,233715
R42,,Bay Ridge Av,BayRidge,4 Av,Brooklyn,,585898,231204
R43,,77 St,77,4 Av,Brooklyn,,585298,229302
R44,,86 St,86,4 Av,Brooklyn,,584572,226878
R45,,95 St-Bay Ridge,95,4 Av,Brooklyn,,583885,224667
S01,,Franklin Av,Franklin,Franklin S,Brooklyn,Franklin/Fulton,604738,248220
S03,,Park Place,ParkPl,Franklin S,Brooklyn,,604462,245670
S04,,Botanic Garden,BotanicGarden,Franklin S,Brooklyn,Franklin/Botanic Garden,604126,244380
